{"10": [10.0, 0.0, 5.245761258142143e-49, 2.565772635087441e-28, 6.470205558114322e-55, 0.0, 0.0, 0.0, 0.0, 0.0], "20": [19.999991839266475, 1.8070208470737628e-60, 9.581170060845701e-94, 4.610916349576211e-12, 4.259223278087077e-112, 1.5145763384273508e-39, 1.4327639470570123e-18, 1.0200893853323898e-06, 0.0, 0.0, 0.0, 0.0, 0.0, 0.0, 0.0, 0.0, 0.0, 0.0, 0.0, 0.0], "30": [12.090881545647862, 3.0607062426301245e-06, 0.029704110979882806, 6.591510137549106e-16, 7.871359822073109e-20, 2.9699999999999998, 3.9297674824354885e-24, 3.3176522694320884e-73, 0.0, 0.0, 0.0, 0.0, 0.0, 0.0, 0.0, 0.0, 0.0, 0.0, 0.0, 0.0, 0.0, 0.0, 0.0, 0.0, 0.0, 0.0, 0.0, 0.0, 0.0, 0.0], "40": [6.010500938389612, 4.950000000001153, 9.997938569367142e-05, 6.0092939493823145, 0.009901030737257675, 0.00030304048622653286, 9.998990093798637e-05, 3.509971998437087e-32, 8.984613946994695e-57, 1.1527290873935618e-12, 0.0, 0.0, 0.0, 0.0, 0.0, 0.0, 0.0, 0.0, 0.0, 0.0, 0.0, 0.0, 0.0, 0.0, 0.0, 0.0, 0.0, 0.0, 0.0, 0.0, 0.0, 0.0, 0.0, 0.0, 0.0, 0.0, 0.0, 0.0, 0.0, 0.0], "50": [15.34625759157846, 7.140954287615757e-06, 2.5657726351101625e-28, 1.0200893854642208e-06, 6.93, 0.0004999389894456169, 9.999001045964461e-05, 3.0602681559971695e-06, 2.897013324061697e-18, 1.4485066620308485e-18, 1.2261657537311558e-14, 1.2261657537311558e-14, 0.0, 0.0, 0.0, 0.0, 0.0, 0.0, 0.0, 0.0, 0.0, 0.0, 0.0, 0.0, 0.0, 0.0, 0.0, 0.0, 0.0, 0.0, 0.0, 0.0, 0.0, 0.0, 0.0, 0.0, 0.0, 0.0, 0.0, 0.0, 0.0, 0.0, 0.0, 0.0], "60": [14.458399779749914, 6.9301999587714604, 8.584314359617898e-14, 7.920000000000037, 8.412195451959952e-08, 0.0001999803494971847, 3.148543097405185e-20, 2.5657728866604887e-28, 8.984613946994695e-57, 1.535448497991336e-45, 3.317652269432064e-73, 1.2651803313114978e-58, 1.2651803313114978e-58, 0.0, 0.0, 0.0, 0.0, 0.0, 0.0, 0.0, 0.0, 0.0, 0.0, 0.0, 0.0, 0.0, 0.0, 0.0, 0.0, 0.0, 0.0, 0.0, 0.0, 0.0, 0.0, 0.0, 0.0, 0.0, 0.0, 0.0, 0.0, 0.0, 0.0, 0.0], "70": [66.50000758425693, 0.15838384900978333, 0.990299948673478, 0.0010997732426309133, 8.160718663990276e-06, 1.0308236729638172e-06, 0.029696970025534675, 2.3054639058429336e-12, 2.8655278941140246e-18, 3.9297615163482545e-24, 1.9648807581741272e-24, 0.0, 0.0, 0.0, 0.0, 0.0, 0.0, 0.0, 0.0, 0.0, 0.0, 0.0, 0.0, 0.0, 0.0, 0.0, 0.0, 0.0, 0.0, 0.0, 0.0, 0.0, 0.0, 0.0, 0.0, 0.0, 0.0, 0.0, 0.0, 0.0, 0.0, 0.0, 0.0, 1.123540469246805e-130], "80": [49.65936600487644, 0.010198928068775728, 4.610920647866088e-12, 1.226694538968332e-12, 0.0012997320140177443, 5.039090909092136, 2.0984298060356517e-33, 0.0098989898989899, 5.4244269554333626e-99, 1.0515244314949765e-08, 1.7233012801446918e-65, 1.892917070939487e-41, 3.508965706249095e-32, 0.0, 0.0, 0.0, 0.0, 0.0, 0.0, 0.0, 0.0, 1.7489697231379813e-22, 0.0, 0.0, 0.0, 0.0, 0.0, 0.0, 0.0, 0.0, 0.0, 0.0, 0.0, 0.0, 0.0, 0.0, 0.0, 0.0, 0.0, 0.0, 0.0, 0.0, 0.0, 1.3183020272865686e-16], "90": [71.41063935275504, 0.9999989797999279, 7.975490592225037e-37, 1.318302027286569e-15, 1.8404978289751832e-37, 0.08989074417645927, 0.02999690785405071, 1.0515244314949765e-08, 4.85541630496099e-87, 1.9648807581741272e-24, 3.499466880194725e-152, 0.0, 8.52405079732953e-111, 1.5955604296996049e-133, 0.0, 0.99, 7.482379748599541e-84, 8.476402481484062e-91, 0.0, 0.0, 0.0, 0.0, 0.0, 0.0, 0.0, 0.0, 1.4608173766169098e-78, 0.0, 2.2325240481302016e-26, 0.0, 0.0, 0.0, 0.0, 0.0, 3.497046480955706e-109, 0.0, 0.0, 0.0, 1.0200893853323898e-06, 0.0, 0.0, 0.0, 0.0, 0.0], "100": [97.02990819194693, 2.8655284299227793e-18, 0.9900102008938533, 1.2261657537356206e-14, 1.2241072623988678e-05, 2.8851693389987343e-48, 1.152739116741191e-12, 2.5157304699802415e-35, 1.0062921879920859e-35, 2.783629765085096e-104, 1.1251360296765036e-130, 7.482379748599541e-84, 9.147347943467837e-128, 2.618304428069683e-62, 0.0, 2.565772635087441e-28, 1.7489697231379813e-22, 0.0, 5.76793981556005e-101, 3.070407173993959e-120, 0.0, 1.2261657537311558e-14, 4.2663168893833e-82, 0.0, 0.0, 0.0, 0.0, 0.0, 0.0, 0.0, 1.9937437214222674e-47, 0.0, 0.0, 0.0, 0.0, 0.0, 0.0, 0.0, 0.0, 0.0, 0.0, 0.0, 0.0, 0.0], "200": [132.073888839972, 3.0096969696969693, 1.999898989899002, 3.98979797979798, 2.9799999999999995, 2.979900020614306, 0.999899000523756, 0.009998969284683572, 0.009898989898990032, 1.574271497383631e-20, 1.0624765973188753e-08, 1.1528609333390052e-12, 1.0200893853323898e-06, 7.482379748599541e-84, 4.177347247460759e-34, 1.0515244314949765e-08, 1.1978518611304356e-43, 1.7233012801446918e-65, 1.7489697231379813e-22, 7.574079543997884e-40, 2.7122134777166813e-99, 1.0515244314949765e-08, 2.983043617264291e-30, 3.497046519707966e-109, 3.317652269432064e-73, 3.317652269432064e-73, 2.649632356083279e-136, 2.2325240481302016e-26, 6.470205558114322e-55, 0.0, 3.508965706249095e-32, 1.9937437214222674e-47, 0.0, 0.0, 1.2261657537311558e-14, 1.4608173766169098e-78, 1.4696337836216354e-107, 1.0200893853323898e-06, 2.565772635087441e-28, 2.618304428069683e-62, 0.0, 2.2325240481302016e-26, 4.724161534683021e-53, 0.0], "300": [204.5341854609817, 2.000100999475079, 2.0000999794952152, 1.9903030090500153, 1.0001009994750913, 1.0000999794952152, 0.9902020096856108, 0.9900020508047017, 0.9999000100978969, 0.9901050800516636, 0.00010099958460079387, 0.00010100999032345204, 1.9648807581741886e-24, 1.152729087393584e-12, 1.1649907449308731e-12, 1.9800000000000122, 0.009898989899002161, 7.572881891511125e-40, 4.724161353980936e-53, 1.3183020272865686e-16, 2.618304428069683e-62, 1.1527290873935618e-12, 2.565772635087441e-28, 4.724161353980936e-53, 1.0952165823881193e-10, 2.258181774481076e-26, 2.565772635087441e-28, 1.0515244314949765e-08, 0.0197979797979798, 5.131545270174882e-28, 1.8070208470737628e-60, 5.0314609399604294e-36, 0.0098989898989899, 1.0952165823881193e-10, 3.497182556023091e-51, 1.2261657537311558e-14, 1.574271497383631e-20, 2.7313654268196967e-123, 2.731456900305501e-123, 3.508965706249095e-32, 1.1527290877433558e-12, 2.2325240481302016e-26, 1.9648807581741272e-24, 3.508965706249095e-32], "400": [236.28617044874346, 3.990399907137052, 3.9901999482572834, 2.000200978971447, 2.0100989487810517, 2.0001999587702346, 1.000300958355988, 0.9903009689819191, 1.0002999389248854, 1.9899999998927715, 0.029997938460985953, 0.010099968760915437, 0.9999989693942052, 0.00010099947507900379, 0.9900000001095216, 1.2261657537311558e-14, 6.00117695369829e-30, 1.0200893853352556e-06, 3.060268168263125e-06, 1.0200916907905646e-06, 1.9800000000000122, 6.470205558114322e-55, 1.5553859358525792e-45, 9.464585616985497e-42, 4.176733748184434e-34, 1.8070208470946695e-60, 1.3183020469353762e-16, 2.565772635087441e-28, 2.783629765085096e-104, 1.1978518611303454e-43, 2.783664735550294e-104, 1.9648807581741272e-24, 5.0314609399604294e-36, 2.5065615000952316e-102, 6.925385294212512e-153, 1.5354484979913372e-45, 6.470205558114322e-55, 0.0, 1.2261657537311558e-14, 2.103048862989953e-08, 1.0200893853323898e-06, 2.2325240481302016e-26, 1.0515244314949765e-08, 0.0], "500": [265.13605671966593, 4.029611302997742, 3.9801071625105044, 4.989906151668156, 2.9900020715078273, 3.989899011256903, 4.019599030379347, 2.990001020308416, 5.98959801018163, 0.9999010405941824, 0.00010203008203863409, 1.0000010304962486, 1.04111988622538e-06, 1.9801000004196405, 0.00010305027861577505, 0.0197990104049273, 1.0516421567352233e-08, 1.0515244578625911e-08, 1.0515244314949766e-08, 1.4485066620308485e-18, 2.4523315074623117e-14, 4.494155354888806e-89, 1.152729103144136e-12, 8.767422910350791e-77, 5.245761258142143e-49, 3.875226024146924e-117, 3.317652269432064e-73, 9.997938569367142e-05, 1.2532807500476158e-102, 0.00019995877138734284, 9.997938569367142e-05, 8.767422910350791e-77, 5.0314609399604294e-36, 2.2992677470144158e-137, 8.52405079732953e-111, 1.9287185186258388e-157, 0.0, 0.0, 0.0, 0.0, 0.0, 1.9287185186258388e-157, 0.0, 2.1904331647762394e-10],