{"10": [10.0, 4.286041152501864e-158, 0.0, 0.0, 0.0, 0.0, 0.0, 0.0, 0.0, 0.0], "20": [20.0, 6.993071070934558e-51, 2.7313654268196967e-123, 2.7474712930201597e-126, 0.0, 7.482379748599541e-84, 0.0, 0.0, 0.0, 0.0, 0.0, 0.0, 0.0, 0.0, 0.0, 0.0, 0.0, 0.0, 0.0, 0.0], "30": [30.0, 9.710832609140506e-87, 0.0, 2.4277081522851265e-87, 2.4277081522851265e-87, 1.7489697231379813e-22, 6.479086555549765e-143, 0.0, 0.0, 0.0, 8.476402481484062e-91, 0.0, 0.0, 0.0, 0.0, 0.0, 0.0, 0.0, 0.0, 0.0, 0.0, 0.0, 0.0, 0.0, 0.0, 0.0, 0.0, 0.0, 0.0, 0.0], "40": [39.9999937736472, 1.2828884059105947e-27, 2.061428302611157e-06, 1.0515244314949765e-08, 2.618304428069683e-62, 1.1527290873935618e-12, 2.6228806290710715e-49, 1.3356975418987593e-85, 0.0, 0.0, 0.0, 0.0, 0.0, 0.0, 0.0, 0.0, 0.0, 0.0, 0.0, 0.0, 0.0, 0.0, 0.0, 0.0, 0.0, 0.0, 0.0, 0.0, 0.0, 0.0, 0.0, 0.0, 0.0, 0.0, 0.0, 0.0, 0.0, 0.0, 0.0, 0.0], "50": [49.99810038925197, 7.666516076716834e-10, 3.4581872627053753e-12, 0.0001999589904306593, 9.997938569367142e-05, 9.997938569367142e-05, 3.070407173993959e-120, 1.2532807500476158e-102, 0.0, 0.0, 0.0, 0.0, 0.0, 0.0, 0.0, 0.0, 0.0, 0.0, 0.0, 0.0, 0.0, 0.0, 0.0, 0.0, 0.0, 0.0, 0.0, 0.0, 0.0, 0.0, 0.0, 0.0, 0.0, 0.0, 0.0, 0.0, 0.0, 0.0, 0.0, 0.0, 0.0, 0.0, 0.0, 5.456761124973054e-114], "60": [60.0, 1.3988185923822823e-108, 2.983043617264291e-30, 6.323009742216012e-106, 0.0, 0.0, 6.429061728752798e-156, 6.429061728752798e-156, 8.476402481484062e-91, 0.0, 0.0, 0.0, 3.317652269432064e-73, 2.1017798082449494e-145, 0.0, 0.0, 0.0, 0.0, 0.0, 0.0, 0.0, 0.0, 0.0, 0.0, 0.0, 0.0, 0.0, 0.0, 0.0, 0.0, 0.0, 0.0, 0.0, 0.0, 0.0, 0.0, 0.0, 0.0, 0.0, 0.0, 0.0, 0.0, 0.0, 0.0], "70": [70.0, 1.2651803391428321e-58, 3.480592723605847e-67, 8.701481809014617e-68, 0.0, 8.984613946994695e-57, 0.0, 0.0, 0.0, 0.0, 0.0, 0.0, 0.0, 0.0, 0.0, 0.0, 0.0, 0.0, 0.0, 0.0, 0.0, 0.0, 0.0, 0.0, 0.0, 0.0, 0.0, 0.0, 0.0, 0.0, 0.0, 0.0, 0.0, 0.0, 0.0, 0.0, 0.0, 0.0, 0.0, 0.0, 0.0, 0.0, 0.0, 0.0], "80": [80.0, 1.123540469246805e-130, 9.022316775955949e-122, 2.983043617264291e-30, 1.574271497383631e-20, 9.022316764720542e-122, 4.286041152501864e-158, 0.0, 2.6228806290710715e-49, 0.0, 0.0, 4.176733748184434e-34, 0.0, 0.0, 0.0, 0.0, 0.0, 0.0, 0.0, 0.0, 0.0, 0.0, 0.0, 0.0, 0.0, 0.0, 0.0, 0.0, 0.0, 0.0, 0.0, 0.0, 0.0, 0.0, 0.0, 0.0, 0.0, 0.0, 0.0, 0.0, 0.0, 0.0, 0.0, 0.0], "90": [89.99999999999994, 6.371161438036617e-135, 3.907356242788792e-97, 1.2261657537311558e-14, 2.939267567243271e-107, 0.0, 8.52405079733226e-111, 6.371161438036617e-135, 0.0, 0.0, 0.0, 4.155105285676051e-132, 0.0, 0.0, 0.0, 0.0, 0.0, 0.0, 1.071510288125466e-158, 0.0, 0.0, 0.0, 0.0, 0.0, 0.0, 0.0, 0.0, 0.0, 0.0, 0.0, 0.0, 0.0, 0.0, 3.84958993656937e-64, 0.0, 0.0, 0.0, 0.0, 0.0, 0.0, 0.0, 0.0, 0.0, 0.0], "100": [99.99999445515633, 1.0202000597197162e-06, 1.0936960955370383e-06, 4.206212998888645e-08, 1.051754977312455e-08, 1.0952165823881193e-10, 1.3356975450924838e-85, 1.0952165823881193e-10, 1.0952165823881193e-10, 2.4277084716574605e-87, 7.482379748599541e-84, 5.456761124973054e-114, 0.0, 8.984613946994695e-57, 0.0, 0.0, 0.0, 0.0, 0.0, 0.0, 0.0, 0.0, 0.0, 0.0, 0.0, 0.0, 1.4327639470570123e-18, 0.0, 0.0, 0.0, 0.0, 0.0, 0.0, 0.0, 1.071510288125466e-158, 0.0, 0.0, 0.0, 0.0, 0.0, 0.0, 0.0, 0.0, 0.0], "200": [184.82850019258805, 0.9999999999988473, 1.0, 0.9999999894835906, 0.019899999471965798, 0.9999999895942651, 0.00999998948359056, 9.997949521533109e-05, 2.983466322100051e-30, 1.0515244314949765e-08, 4.176733749382286e-34, 9.997938569367142e-05, 1.0515244314949765e-08, 1.0286498766004479e-156, 1.0515244314949765e-08, 0.0, 0.0, 2.090664807163419e-71, 0.0, 2.7506215276435484e-126, 0.0, 1.4696337836216354e-107, 3.508965706249095e-32, 2.2325240481302016e-26, 3.888296533549692e-151, 0.0, 0.0, 2.1017798082449494e-145, 1.3356975418987593e-85, 0.0, 0.0, 0.0, 0.0, 0.0, 0.0, 1.3183020272865686e-16, 0.0, 1.1496338735072079e-137, 3.4562635853775026e-153, 1.574271497383631e-20, 0.0, 0.0, 0.0, 0.0], "300": [229.06925087397053, 2.0098979594027293, 1.9999989800189837, 1.0297969912531624, 0.019799010622805625, 0.010098948779899032, 1.0004988663238263, 0.9900000001095218, 0.9900000001095218, 0.990000000109534, 0.9900000000000001, 0.99, 0.0098989898989899, 4.176741321066127e-34, 4.176741321066127e-34, 8.984613946994695e-57, 3.9874874437429976e-47, 1.4327639470570123e-18, 0.0, 1.0515244314949766e-08, 1.629450688482135e-92, 7.482379748599541e-84, 0.0, 0.0, 3.508965706249095e-32, 5.0314609399604294e-36, 0.0, 0.0, 4.176733748184434e-34, 0.0, 6.429061728752798e-156, 0.0, 0.0, 8.526635047303942e-125, 0.0, 0.0, 0.0, 0.0, 1.0515244314949765e-08, 0.0, 0.0, 0.0, 0.0, 1.1527290873935618e-12], "400": [254.88284173805238, 3.0000989697020186, 2.0103978877685615, 2.0104979302434156, 1.9998980119812442, 0.019999000830404387, 2.0395939298217343, 0.9999989903151847, 0.9999989903151846, 0.009998990316337325, 0.999998979799928, 0.999899000523756, 1.1527291031362769e-12, 1.4488584208562698e-18, 1.1527290873955488e-12, 0.0098989898989899, 6.13499276325003e-38, 0.9900000000011527, 1.1527290873935618e-12, 0.99, 1.1527290873935618e-12, 3.499466880194725e-152, 0.99, 4.494155354888806e-89, 2.2325240481302016e-26, 1.1527290873935618e-12, 0.0, 0.0, 0.0, 0.0, 0.0, 1.0952165823881193e-10, 0.0, 3.317652269432064e-73, 2.090664807163419e-71, 0.0, 0.0, 0.0, 7.572881692136754e-40, 7.572881692136754e-40, 1.4608173766169098e-78, 1.1978518611303454e-43, 4.7048850948395733e-150, 2.983043617264291e-30], "500": [292.6481625336532, 4.098789930467588, 3.9701020306273294, 4.960101010318889, 7.9299010304063255, 9.919800041227461, 1.0098000201969468, 1.009800020195794, 1.019699010094784, 0.9900010203084287, 1.9899010407025266, 1.009800041116761, 1.0307141514374088e-06, 1.0624766105018778e-08, 1.0307141514374086e-06, 1.0952165823881193e-10, 9.997938569380324e-05, 2.2328258614576334e-26, 1.2261657537311558e-14, 1.0515244314949765e-08, 1.0515256576607303e-08, 8.701481809014617e-68, 2.2325240481302016e-26, 5.213759063524753e-139, 2.1511458746284967e-118, 0.0, 9.997938569367142e-05, 1.9648807581741272e-24, 0.0, 4.2663168893833e-82, 0.0, 4.176733748184434e-34, 4.176733748184434e-34, 1.0755729373142484e-118, 1.833203891354792e-60, 4.22704835758404e-34, 4.177347247460759e-34, 1.2261657537311558e-14, 1.2261657537311558e-14, 9.147347943467837e-128, 0.0, 0.0, 1.2261657537311558e-14, 5.763645436967808e-12], "600": [436.55575782538654, 3.049596991079055, 3.0000000107366054, 3.0105988457106725, 2.0096969913892, 2.019599020087795, 0.02000203995857449, 0.00010204081514914494, 0.019901072247094358, 0.019799042278072356, 0.019800030711050753, 0.9999010512177708, 0.9999010511082492, 0.999900009988412, 0.010000010404594322, 1.0411198984856045e-06, 1.0953391991209195e-10, 1.0515256576623045e-08, 1.095339198963512e-10, 1.535710786054243e-45, 1.0624765973188576e-08, 1.0952165823881197e-10, 9.997938569380324e-05, 0.9900999793856936, 0.99, 0.99, 6.479086555549784e-143, 2.0906649532451583e-71, 2.0906649532451583e-71, 0.0, 1.9937437214222674e-47, 6.134992767237518e-38, 1.9937437214222674e-47, 1.9937437214222674e-47, 3.1937233494249864e-94, 0.0, 6.480394329652683e-143, 5.744337932247529e-66, 3.964476688579017e-64, 1.434940836369832e-115, 1.434940836369832e-115, 2.565772635087536e-28, 2.565772635087441e-28, 3.458846413719019e-12],