{"10": [10.0, 0.0, 0.0, 0.0, 0.0, 0.0, 0.0, 0.0, 0.0, 0.0], "20": [19.999999999780957, 1.0952165823881193e-10, 0.0, 1.4608173766169254e-78, 0.0, 0.0, 0.0, 0.0, 0.0, 0.0, 0.0, 0.0, 0.0], "30": [27.99999692888454, 0.9999999894847557, 1.030715316296339e-06, 1.574271497383631e-20, 2.983043617264291e-30, 0.0, 8.984613946994695e-57, 0.0, 1.0286498766004479e-156, 5.0314609399604294e-36, 0.0, 0.0, 0.0], "40": [25.099999936251354, 0.9999999895942774, 0.009999999999999998, 1.0953391989634924e-10, 2.983048648725231e-30, 1.3183020272865686e-16, 0.0, 1.0515244314949765e-08, 0.0, 5.349613979197094e-75, 2.7122134777166813e-99, 2.2325240481302016e-26, 0.99], "50": [37.0103008426814, 1.9999000206143063, 2.9799999999999995, 0.00010101009985724011, 0.0098989898989899, 4.176733748184434e-34, 1.4608173766169098e-78, 2.1296116390435384e-112, 1.3383626805857514e-69, 0.0, 1.1527290873935618e-12, 1.0515244314949765e-08, 0.0], "60": [46.990300904797564, 2.9900000001095215, 1.009899000523756, 0.9999989799106147, 1.0515244314949765e-08, 1.0201989069906286e-06, 7.572881692136754e-40, 6.470205558114322e-55, 2.090664807206082e-71, 6.323009742216012e-106, 6.384787624476059e-96, 3.262588670312837e-129, 2.6228806316014322e-49], "70": [49.04898587176192, 2.999903080882462, 1.9997990211392271, 0.999900020614294, 0.9900010307153285, 1.02008939759548e-06, 2.2325240898975386e-26, 2.0911997685613388e-71, 4.176733748184434e-34, 1.3183020272865686e-16, 0.00019995877138734284, 2.090664807163419e-71, 2.636604054573137e-16], "80": [58.940498877040866, 2.9999999999965414, 2.0000999791701206, 0.9999000205047847, 0.9999000206131538, 0.009899000523755874, 0.0001009994762317329, 1.1182711641359904e-10, 8.701481809017088e-68, 5.131545270182455e-28, 2.565772635087441e-28, 1.7489697231379813e-22, 4.606345493974006e-45], "90": [59.990194932017516, 3.9999000098765607, 2.9899010404823425, 1.9801020301892551, 0.9999999893740812, 0.019798999887377395, 3.508965706249095e-32, 1.0516409305694695e-08, 1.1527290873935618e-12, 1.1067438732620551e-10, 9.997938799912958e-05, 1.0952165823881193e-10, 6.470205558114322e-55], "100": [63.99949797877078, 4.000001030604642, 2.999999978969535, 1.9999999789695115, 1.0000999688704493, 0.9999999894847433, 6.13499276325003e-38, 1.0515244314949765e-08, 1.3183020469353762e-16, 1.0515244314949765e-08, 2.395703722260782e-43, 4.176733748184434e-34, 1.051524445107826e-08], "200": [106.05899411681675, 9.009898989898954, 9.960100000525705, 1.0299000102085714, 2.999900009879994, 1.9999000100990498, 1.0000999793857304, 0.9901010101010224, 9.997938569367142e-05, 2.983043617264291e-30, 1.2261657537311558e-14, 7.572881692136754e-40, 1.3183020272865686e-16], "300": [152.9601846163449, 13.0000010308249, 9.0294990620588, 5.990198959822, 2.010199969397306, 2.9900999897925566, 1.9901010099914762, 1.009900010097897, 0.9999999998904784, 0.009900009988375232, 0.99, 1.2261657537311558e-14, 1.0200905625847922e-06], "400": [186.01959678055647, 19.980105016849684, 4.080102029529771, 9.980101977395154, 7.989895929740368, 2.019799020921324, 2.0000000106281997, 0.019899000523743743, 0.010099990009294655, 1.9899999999999878, 0.9900999900104719, 0.99, 0.990001041119874], "500": [233.05788041686358, 37.87030495404286, 8.089799976931305, 7.049593004814661, 8.999296021222179, 3.0000030496445307, 3.970401947868042, 5.950101052600061, 0.0003019785583533146, 0.00020097907981612355, 0.019898979273058805, 0.00999896939420523, 1.0201989069906286e-06], "600": [277.81680270039993, 31.968292241096062, 25.960592672265992, 16.94990211325986, 9.99980621378883, 2.0397990213582458, 1.0199010621734192, 1.0296979794913197, 1.0098989900085114, 2.0402894819689244e-06, 1.0202000722478995e-06, 0.009898990008511821, 1.980199958773693], "700": [382.1519168436336, 71.63020603714072, 11.14989785490164, 16.891011088018168, 7.0595979896951935, 1.010399960588356, 2.050096908493924, 1.0496990413096217, 0.9901020408197602, 0.02969800041229839, 1.0624790628333855e-08, 1.0627083824882587e-08, 0.01979801134371327], "800": [334.0295979534233, 54.99797677396838, 23.95982969743348, 16.088977699761443, 2.1687961027074825, 11.01148936271705, 6.930301978670229, 0.9902050595526549, 4.950400958775641, 1.9800041122364624, 1.9800000210327942, 1.1527290873936065e-12, 0.01990212366316932], "900": [360.79558583023055, 53.4058442019667, 32.859509346438436, 25.880705902535006, 5.040490862894799, 2.0304948595859345, 10.959393046362532, 0.02040401870943148, 0.010504987516116058, 0.010003060157469486, 0.0002030400700443663, 1.030604629779186e-06, 8.910011220994779]}