{"10": [9.98020202020202, 0.0098989898989899, 2.3002582637086154e-39, 1.574271497383631e-20, 2.2325240481302016e-26, 0.0, 0.0, 0.0, 0.0, 0.0], "20": [17.959904164487615, 0.9999999894836034, 6.916770014969556e-12, 0.009898989898989904, 9.997938569367142e-05, 1.574271497383631e-20, 0.0, 5.744337600482303e-66, 2.7474712930201597e-126, 4.7048388055951314e-150, 0.0, 0.0, 2.783629765085096e-104], "30": [19.01889413777026, 1.990499886413224, 0.9999000100978969, 1.0000989487810517, 2.0401787706662124e-06, 1.0515256708437505e-08, 2.565772635087441e-28, 4.176733748184434e-34, 9.464585354697435e-42, 6.3847863711956524e-96, 3.508965706249095e-32, 2.232524048633347e-26, 8.476402481484062e-91], "40": [20.08959373012544, 2.000000010512939, 0.9999001047466477, 0.9999999895931246, 2.258181774984222e-26, 1.0200893977258775e-06, 9.997938569367142e-05, 1.4608175102765466e-78, 0.99, 2.7313654268196967e-123, 1.1978518611303454e-43, 4.176733748184434e-34, 1.3383626805857437e-69], "50": [17.99260974905201, 2.9999000205047843, 1.9999000205047845, 0.01979800093915508, 0.9900010306069351, 0.9900010200893853, 3.929761551860616e-24, 2.983043617264291e-30, 0.9900000000000122, 4.724161353980936e-53, 2.1904331647762386e-10, 8.984613946994695e-57, 0.009898989898990032], "60": [22.169088931247302, 3.9900010203084286, 2.989999999890478, 3.9698989899001553, 0.9998990004153874, 3.0607062550236433e-06, 1.0515244314949765e-08, 9.997938569367142e-05, 2.565772635087441e-28, 9.997938570593308e-05, 1.4327639470570123e-18, 5.0314609399604294e-36, 1.8070208470737628e-60], "70": [19.119594055671527, 4.990099978947607, 3.9800999900116247, 0.010098969812717646, 2.979899000415399, 1.0200905625848083e-06, 1.9898989902275548, 0.00019995877138747467, 0.0098989898989899, 1.535448497991336e-45, 2.983043617264291e-30, 1.0200905380614772e-06, 1.0201989069906286e-06], "80": [20.101092737749656, 8.950295868873932, 13.889700061839473, 0.020001020087079872, 3.308952241653486e-10, 1.03060810022809e-06, 0.019800030492019435, 0.0001020195644643362, 9.997938569367142e-05, 3.148542994767262e-20, 0.009898989900142633, 1.3024520810765613e-97, 7.868641887213212e-49], "90": [31.990292882757778, 5.999900009988387, 5.979900020613153, 1.0100010200882448, 2.050804714155495e-06, 0.009900010097909157, 0.029699009876905352, 0.00010000052800954955, 9.997938569367143e-05, 1.7489697231380319e-22, 4.176733748184434e-34, 1.9800999793856937, 1.7489697231379823e-22], "100": [37.9001132725374, 6.990000000001153, 4.999898968869655, 3.990000000328565, 0.010101009879661456, 0.00010099947624412782, 0.039597011231077874, 0.9900000105152443, 0.9900999794952153, 9.99793880113927e-05, 1.0952165823881197e-10, 1.2651803313114978e-58, 1.2348376729400735e-141], "200": [47.97009789769707, 13.000000073607863, 9.00000002103049, 6.000000021031628, 4.000000010515245, 3.9899989588801263, 1.9901020194560957, 1.0198979698084762, 0.9999999894847433, 1.0201989069934945e-06, 1.2940411116228645e-54, 1.197851896095704e-43, 3.795540993934497e-58], "300": [80.84219645457928, 20.960300990119674, 20.92009798159411, 11.97999589783839, 1.0499000208287512, 1.0200000108449376, 0.029999989375234026, 1.999900020616624, 2.0097989998885177, 1.000001020089373, 0.9900020402883168, 1.0517549774557316e-08, 1.4327639470570123e-18], "400": [73.00989701314033, 23.000101031023153, 16.960008224139784, 6.049501154926857, 7.9704039775247, 1.0205039772894926, 3.0496959282473655, 3.9800999690929633, 6.940101020726929, 0.00010102072577620603, 3.979899000305865, 0.009998979909449809, 0.029796959597907683], "500": [90.89229862168449, 35.9714986074016, 26.959600944709564, 16.999605172061518, 11.9802999062735, 6.999901020105452, 5.940404061108245, 2.0198990004153505, 2.009900009770497, 1.0099000098788906, 0.019897980324898194, 0.019797979800322045, 6.385812989229076e-08], "600": [103.08849520744641, 39.18749957760771, 30.039601007134642, 4.121197618146721, 2.1599958770280225, 9.00920117437095, 9.979198061636108, 4.950605040731094, 3.9600000106305786, 2.970099989902115, 1.9801000005303397, 0.9900999793914576, 2.970399938573263], "700": [101.00092036426456, 43.06901154366564, 29.989901125482763, 20.97960011466818, 13.979699021382503, 2.0206050396324318, 4.020102029752297, 4.990500906282376, 4.069288827685819, 3.9805019476247896, 6.940101020617419, 3.0096979798199204, 3.166032743615951e-20], "800": [143.60240485911524, 37.08020121058812, 44.85030194745661, 22.841797779584404, 25.890100000744894, 5.979706140652558, 5.960600875263525, 4.01970515154972, 8.029291004672299, 2.0699968970055806, 1.059400060805284, 1.0298030911970844, 0.01029890744532113], "900": [243.8406028951462, 76.84060296692329, 41.00120280175065, 53.790398002549644, 9.060406036457072, 9.049923366774216, 3.0392929301725977, 4.019993857773825, 3.198503506835178e-08, 1.0692919619976804, 0.030001009900387877, 0.010398929219318221, 0.009900063988390766]}